{"samples": {"loadavg_1min": [[1778599819.0209396, 0.3]], "mem_used_pct": [[1778599819.0209396, 6.343262858472369]], "disk_used_pct": [[1778599819.0209396, 11.925174079099882]], "net_bytes_total": [[1778599819.0209396, 3150320440]]}}